                  epoch,         train/box_loss,         train/cls_loss,         train/dfl_loss,   metrics/precision(B),      metrics/recall(B),       metrics/mAP50(B),    metrics/mAP50-95(B),           val/box_loss,           val/cls_loss,           val/dfl_loss,                 lr/pg0,                 lr/pg1,                 lr/pg2
                      1,                0.61218,                 4.3136,                 1.1504,                 0.0014,                0.14561,                0.00311,                0.00091,                 1.7668,                 5.1548,                 1.8334,               0.070108,              0.0033214,              0.0033214
                      2,                0.57307,                 3.6128,                 1.1138,                0.00253,                0.54133,                0.01167,                0.00803,                 1.0633,                 4.0724,                 1.4081,               0.039976,               0.006523,               0.006523
                      3,                0.51606,                 3.4122,                 1.0844,                0.00244,                 0.6413,                0.02548,                0.02239,                0.46447,                 3.3957,                 0.8552,               0.009712,              0.0095925,              0.0095925
                      4,                0.46628,                 3.3252,                  1.055,                 0.0038,                0.86705,                0.02977,                0.02689,                0.53188,                 3.1775,                0.87504,               0.009406,               0.009406,               0.009406
                      5,                0.43616,                 3.2731,                 1.0357,                0.00456,                0.85475,                0.03581,                0.03229,                0.52806,                  3.091,                0.83837,               0.009406,               0.009406,               0.009406
                      6,                0.39654,                 3.2208,                 1.0128,                0.00314,                0.88857,                0.03303,                0.03013,                0.45135,                 3.2066,                0.85265,               0.009208,               0.009208,               0.009208
                      7,                0.36908,                 3.1667,                 1.0028,                0.00463,                 0.8887,                0.04011,                 0.0371,                0.35205,                 3.0416,                 0.6903,                0.00901,                0.00901,                0.00901
                      8,                0.36959,                 3.1791,                0.99999,                0.00415,                 0.8887,                0.04189,                0.03927,                0.42785,                 3.0455,                0.75673,               0.008812,               0.008812,               0.008812
                      9,                0.34338,                 3.1333,                0.98806,                0.00464,                0.85877,                0.03968,                0.03626,                0.43602,                 3.0301,                0.76601,               0.008614,               0.008614,               0.008614
                     10,                0.33313,                 3.1179,                0.98383,                0.00305,                 0.8517,                0.03131,                0.02929,                0.45702,                 3.1762,                0.84791,               0.008416,               0.008416,               0.008416
                     11,                0.33444,                 3.1252,                0.98883,                0.00394,                0.94575,                0.03315,                0.02986,                0.43451,                 3.0801,                0.76438,               0.008218,               0.008218,               0.008218
                     12,                0.32701,                 3.0764,                0.98319,                0.00368,                0.91304,                 0.0346,                0.03284,                0.41092,                 3.0113,                0.80598,                0.00802,                0.00802,                0.00802
                     13,                0.31371,                 3.0507,                0.98217,                0.00401,                0.83991,                0.02867,                0.02618,                0.58486,                 3.5473,                0.98949,               0.007822,               0.007822,               0.007822
                     14,                0.31954,                 3.0382,                0.97698,                 0.8727,                 0.0541,                0.05089,                0.04727,                0.37325,                 3.0739,                0.70205,               0.007624,               0.007624,               0.007624
                     15,                0.29699,                 3.0105,                0.97787,                0.38334,                0.27014,                0.05511,                0.05084,                0.51067,                 3.0945,                0.83711,               0.007426,               0.007426,               0.007426
                     16,                0.29958,                  2.978,                0.97094,                0.80151,                0.06652,                0.06916,                0.06188,                0.47268,                 2.9258,                0.78864,               0.007228,               0.007228,               0.007228
                     17,                0.28986,                 2.9495,                0.96855,                0.84825,                0.07242,                0.07287,                0.06676,                0.38937,                 2.7814,                0.75226,                0.00703,                0.00703,                0.00703
                     18,                 0.2887,                 2.9425,                0.97411,                0.90365,                 0.0435,                0.05444,                0.05208,                0.47361,                 3.0545,                 0.8644,               0.006832,               0.006832,               0.006832
                     19,                0.29262,                 2.9247,                0.97166,                 0.8865,                0.04728,                 0.0623,                0.05856,                0.53351,                 2.9106,                0.97128,               0.006634,               0.006634,               0.006634
                     20,                0.28792,                 2.8979,                0.97431,                0.84401,                0.04711,                0.08889,                0.08371,                0.34907,                 2.7881,                0.75494,               0.006436,               0.006436,               0.006436
                     21,                0.26656,                 2.8582,                0.95812,                0.82644,                0.07589,                0.08739,                0.08062,                0.50172,                 2.9611,                0.92055,               0.006238,               0.006238,               0.006238
                     22,                0.27576,                 2.8479,                0.97237,                0.83432,                0.09556,                0.10075,                0.09619,                0.43473,                 2.6781,                0.85502,                0.00604,                0.00604,                0.00604
                     23,                0.27672,                 2.7988,                0.96403,                0.80559,                0.07367,                0.10253,                 0.0913,                0.39859,                 2.6629,                0.81843,               0.005842,               0.005842,               0.005842
                     24,                0.26399,                 2.8041,                0.96288,                0.80891,                 0.0777,                0.12406,                0.12019,                0.40409,                 2.7581,                0.82363,               0.005644,               0.005644,               0.005644
                     25,                 0.2576,                 2.7708,                0.95575,                0.64066,                0.13454,                0.14195,                0.13584,                0.30347,                  2.549,                0.68873,               0.005446,               0.005446,               0.005446
                     26,                0.25753,                 2.7187,                0.95384,                0.68857,                0.09531,                0.11235,                0.10674,                0.40816,                  2.773,                0.82523,               0.005248,               0.005248,               0.005248
                     27,                0.24775,                 2.7012,                0.94808,                0.76897,                0.09912,                0.13092,                0.12479,                0.40687,                 2.5937,                0.81133,                0.00505,                0.00505,                0.00505
                     28,                0.24636,                 2.6765,                0.95402,                0.73923,                0.11285,                0.14234,                  0.135,                0.44987,                 2.6448,                0.83341,               0.004852,               0.004852,               0.004852
                     29,                0.24722,                 2.6672,                 0.9532,                0.63718,                0.12507,                0.11095,                0.10707,                0.39266,                  2.825,                0.81194,               0.004654,               0.004654,               0.004654
                     30,                0.24035,                 2.6326,                0.94887,                0.68745,                0.14607,                0.15133,                 0.1423,                 0.3579,                 2.5054,                0.76735,               0.004456,               0.004456,               0.004456
                     31,                0.23883,                  2.618,                0.95242,                0.69833,                0.12474,                 0.1376,                0.13146,                0.39194,                 2.4832,                0.83869,               0.004258,               0.004258,               0.004258
                     32,                0.22534,                 2.5886,                0.93891,                0.70691,                0.13293,                0.14586,                0.13795,                0.36149,                 2.4211,                0.76424,                0.00406,                0.00406,                0.00406
                     33,                0.23067,                  2.592,                0.94503,                0.61325,                0.15006,                0.14915,                0.12886,                0.36352,                   2.53,                 0.7129,               0.003862,               0.003862,               0.003862
                     34,                0.23019,                 2.5603,                0.94728,                0.65111,                0.12503,                0.16717,                0.15473,                0.40084,                 2.5093,                0.82892,               0.003664,               0.003664,               0.003664
                     35,                0.22552,                 2.5274,                0.94653,                0.60993,                0.15948,                0.14084,                0.13313,                0.45813,                 2.7893,                0.90923,               0.003466,               0.003466,               0.003466
                     36,                0.22108,                 2.4702,                0.94416,                0.58015,                 0.1924,                0.19721,                0.18535,                0.30507,                 2.2481,                0.71173,               0.003268,               0.003268,               0.003268
                     37,                0.22922,                 2.5057,                0.95033,                0.48197,                0.24526,                 0.2118,                0.19587,                 0.3342,                 2.3062,                0.72659,                0.00307,                0.00307,                0.00307
                     38,                0.21446,                 2.4946,                0.93785,                0.67478,                0.16308,                0.20751,                0.19633,                0.32791,                 2.2808,                0.71111,               0.002872,               0.002872,               0.002872
                     39,                0.20919,                 2.4521,                0.93805,                0.62778,                 0.1739,                0.20945,                0.20271,                0.38739,                 2.2674,                0.81259,               0.002674,               0.002674,               0.002674
                     40,                0.19612,                 2.4277,                0.93437,                 0.5865,                0.22083,                0.24098,                0.23026,                0.28266,                 2.1953,                  0.675,               0.002476,               0.002476,               0.002476
                     41,                0.17848,                 2.2596,                0.93478,                0.55039,                0.21834,                0.20951,                 0.2003,                0.26769,                 2.2081,                0.63428,               0.002278,               0.002278,               0.002278
                     42,                0.17973,                 2.1998,                0.92548,                0.47205,                0.22973,                0.23438,                0.22585,                0.28047,                 2.1423,                0.63594,                0.00208,                0.00208,                0.00208
                     43,                0.17223,                   2.14,                0.91874,                0.41527,                0.25734,                 0.2421,                0.23529,                0.26718,                 2.1412,                0.65341,               0.001882,               0.001882,               0.001882
                     44,                 0.1609,                 2.0875,                0.91092,                0.45375,                0.31163,                0.25364,                0.24364,                0.26352,                 2.0937,                0.65686,               0.001684,               0.001684,               0.001684
                     45,                0.15208,                 2.0498,                0.90962,                0.35351,                0.29575,                0.26118,                0.24938,                0.25219,                 2.1371,                0.63455,               0.001486,               0.001486,               0.001486
                     46,                0.14741,                 2.0273,                0.90314,                0.48349,                0.27766,                0.27519,                0.26422,                0.25578,                 2.0192,                0.64054,               0.001288,               0.001288,               0.001288
                     47,                0.14768,                 2.0006,                0.90479,                0.52082,                0.24336,                0.25274,                0.24537,                0.25995,                 2.0764,                0.65165,                0.00109,                0.00109,                0.00109
                     48,                0.13379,                 1.9339,                0.90304,                0.43106,                0.31182,                0.27531,                0.26771,                0.24344,                 1.9994,                0.62476,               0.000892,               0.000892,               0.000892
                     49,                0.13186,                 1.9163,                0.90709,                 0.2875,                0.33512,                0.28315,                0.27385,                0.24336,                 2.0331,                0.63861,               0.000694,               0.000694,               0.000694
                     50,                0.13005,                 1.8805,                0.89729,                0.35894,                0.33153,                0.28073,                0.27178,                0.23999,                  1.994,                 0.6316,               0.000496,               0.000496,               0.000496
